train_size,train_auc_mean,valid_auc_mean
1320,0.8036577870007753,0.7773995634758949
2641,0.7874993436861907,0.7836642999634681
3962,0.7899932038822404,0.787037745607565
5283,0.7931546369207935,0.7882676703771888
6604,0.7923864358408451,0.7889577286434691
